[
    {
      "id": "1",
      "name" : "Sun Glass - Red",
      "description" : "Lorem ipsum dolor sit amet, consectetur adipiscing elit, sed do eiusmod tempor incididunt ut labore et dolore magna aliqua. Ut enim ad minim veniam, quis nostrud exercitation ullamco laboris nisi ut aliquip ex ea commodo consequat. Duis aute irure dolor in reprehenderit in voluptate velit esse cillum dolore eu fugiat nulla pariatur.",
      "images" : [
        {
          "name" : "product-2",
          "path" : "/assets/images/product-2.jpg"
        }
      ],
      "availableStock" : 5,
      "price": 2500
    },
    {
        "id": "2",
        "name" : "Sneakers - White",
        "description" : "Lorem ipsum dolor sit amet, consectetur adipiscing elit, sed do eiusmod tempor incididunt ut labore et dolore magna aliqua. Ut enim ad minim veniam, quis nostrud exercitation ullamco laboris nisi ut aliquip ex ea commodo consequat. Duis aute irure dolor in reprehenderit in voluptate velit esse cillum dolore eu fugiat nulla pariatur.",
        "images" : [
          {
            "name" : "product1",
            "path" : "/assets/images/product-1.jpg"
          }
        ],
        "availableStock" : 25,
        "price": 4800
      },
      {
        "id": "3",
        "name" : "Shoe - Brown",
        "description" : "Lorem ipsum dolor sit amet, consectetur adipiscing elit, sed do eiusmod tempor incididunt ut labore et dolore magna aliqua. Ut enim ad minim veniam, quis nostrud exercitation ullamco laboris nisi ut aliquip ex ea commodo consequat. Duis aute irure dolor in reprehenderit in voluptate velit esse cillum dolore eu fugiat nulla pariatur.",
        "images" : [
          {
            "name" : "product-7",
            "path" : "/assets/images/product-7.jpg"
          }
        ],
        "availableStock" : 15,
        "price": 1200
      },
      {
        "id": "4",
        "name" : "SunGlass - Pink",
        "description" : "Lorem ipsum dolor sit amet, consectetur adipiscing elit, sed do eiusmod tempor incididunt ut labore et dolore magna aliqua. Ut enim ad minim veniam, quis nostrud exercitation ullamco laboris nisi ut aliquip ex ea commodo consequat. Duis aute irure dolor in reprehenderit in voluptate velit esse cillum dolore eu fugiat nulla pariatur.",
        "images" : [
          {
            "name" : "product-12",
            "path" : "/assets/images/product-12.jpg"
          }
        ],
        "availableStock" : 2,
        "price": 2000
      },
      {
        "id": "5",
        "name" : "Product - 5",
        "description" : "Lorem ipsum dolor sit amet, consectetur adipiscing elit, sed do eiusmod tempor incididunt ut labore et dolore magna aliqua. Ut enim ad minim veniam, quis nostrud exercitation ullamco laboris nisi ut aliquip ex ea commodo consequat. Duis aute irure dolor in reprehenderit in voluptate velit esse cillum dolore eu fugiat nulla pariatur.",
        "images" : [
          {
            "name" : "product-12",
            "path" : "/assets/images/product-1.jpg"
          }
        ],
        "availableStock" : 5,
        "price": 3600
      },
      {
        "id": "6",
        "name" : "Bag Kakhi",
        "description" : "Lorem ipsum dolor sit amet, consectetur adipiscing elit, sed do eiusmod tempor incididunt ut labore et dolore magna aliqua. Ut enim ad minim veniam, quis nostrud exercitation ullamco laboris nisi ut aliquip ex ea commodo consequat. Duis aute irure dolor in reprehenderit in voluptate velit esse cillum dolore eu fugiat nulla pariatur.",
        "images" : [
          {
            "name" : "product-3",
            "path" : "/assets/images/product-3.jpg"
          }
        ],
        "availableStock" : 25,
        "price": 200
      },
      {
        "id": "7",
        "name" : "Table",
        "description" : "Lorem ipsum dolor sit amet, consectetur adipiscing elit, sed do eiusmod tempor incididunt ut labore et dolore magna aliqua. Ut enim ad minim veniam, quis nostrud exercitation ullamco laboris nisi ut aliquip ex ea commodo consequat. Duis aute irure dolor in reprehenderit in voluptate velit esse cillum dolore eu fugiat nulla pariatur.",
        "images" : [
          {
            "name" : "product-12",
            "path" : "/assets/images/product-2.jpg"
          }
        ],
        "availableStock" : 4,
        "price": 30.5
      },
      {
        "id": "8",
        "name" : "Air conditionar",
        "description" : "Lorem ipsum dolor sit amet, consectetur adipiscing elit, sed do eiusmod tempor incididunt ut labore et dolore magna aliqua. Ut enim ad minim veniam, quis nostrud exercitation ullamco laboris nisi ut aliquip ex ea commodo consequat. Duis aute irure dolor in reprehenderit in voluptate velit esse cillum dolore eu fugiat nulla pariatur.",
        "images" : [
          {
            "name" : "product-5",
            "path" : "/assets/images/product-12.jpg"
          }
        ],
        "availableStock" : 1,
        "price": 100.34
      },
      {
        "id": "9",
        "name" : "Tube Light",
        "description" : "Lorem ipsum dolor sit amet, consectetur adipiscing elit, sed do eiusmod tempor incididunt ut labore et dolore magna aliqua. Ut enim ad minim veniam, quis nostrud exercitation ullamco laboris nisi ut aliquip ex ea commodo consequat. Duis aute irure dolor in reprehenderit in voluptate velit esse cillum dolore eu fugiat nulla pariatur.",
        "images" : [
          {
            "name" : "product-2",
            "path" : "/assets/images/product-2.jpg"
          }
        ],
        "availableStock" : 2,
        "price": 999.99
      },
      {
        "id": "10",
        "name" : "Note Book",
        "description" : "Lorem ipsum dolor sit amet, consectetur adipiscing elit, sed do eiusmod tempor incididunt ut labore et dolore magna aliqua. Ut enim ad minim veniam, quis nostrud exercitation ullamco laboris nisi ut aliquip ex ea commodo consequat. Duis aute irure dolor in reprehenderit in voluptate velit esse cillum dolore eu fugiat nulla pariatur.",
        "images" : [
          {
            "name" : "product-12",
            "path" : "/assets/images/product-7.jpg"
          }
        ],
        "availableStock" : 354,
        "price": 2321
      },
      {
        "id": "11",
        "name" : "Pen",
        "description" : "Lorem ipsum dolor sit amet, consectetur adipiscing elit, sed do eiusmod tempor incididunt ut labore et dolore magna aliqua. Ut enim ad minim veniam, quis nostrud exercitation ullamco laboris nisi ut aliquip ex ea commodo consequat. Duis aute irure dolor in reprehenderit in voluptate velit esse cillum dolore eu fugiat nulla pariatur.",
        "images" : [
          {
            "name" : "product-3",
            "path" : "/assets/images/product-3.jpg"
          }
        ],
        "availableStock" : 3,
        "price": 1500
      },
      {
        "id": "12",
        "name" : "Speaker",
        "description" : "Lorem ipsum dolor sit amet, consectetur adipiscing elit, sed do eiusmod tempor incididunt ut labore et dolore magna aliqua. Ut enim ad minim veniam, quis nostrud exercitation ullamco laboris nisi ut aliquip ex ea commodo consequat. Duis aute irure dolor in reprehenderit in voluptate velit esse cillum dolore eu fugiat nulla pariatur.",
        "images" : [
          {
            "name" : "product-12",
            "path" : "/assets/images/product-12.jpg"
          }
        ],
        "availableStock" : 7,
        "price": 8888
      },
      {
        "id": "13",
        "name" : "Charger",
        "description" : "Lorem ipsum dolor sit amet, consectetur adipiscing elit, sed do eiusmod tempor incididunt ut labore et dolore magna aliqua. Ut enim ad minim veniam, quis nostrud exercitation ullamco laboris nisi ut aliquip ex ea commodo consequat. Duis aute irure dolor in reprehenderit in voluptate velit esse cillum dolore eu fugiat nulla pariatur.",
        "images" : [
          {
            "name" : "product-12",
            "path" : "/assets/images/product-3.jpg"
          }
        ],
        "availableStock" : 3,
        "price": 8500
      },
      {
        "id": "14",
        "name" : "Shades",
        "description" : "Lorem ipsum dolor sit amet, consectetur adipiscing elit, sed do eiusmod tempor incididunt ut labore et dolore magna aliqua. Ut enim ad minim veniam, quis nostrud exercitation ullamco laboris nisi ut aliquip ex ea commodo consequat. Duis aute irure dolor in reprehenderit in voluptate velit esse cillum dolore eu fugiat nulla pariatur.",
        "images" : [
          {
            "name" : "product-12",
            "path" : "/assets/images/product-2.jpg"
          }
        ],
        "availableStock" : 233,
        "price": 4502.75
      },
      {
        "id": "15",
        "name" : "Water Bottle",
        "description" : "Lorem ipsum dolor sit amet, consectetur adipiscing elit, sed do eiusmod tempor incididunt ut labore et dolore magna aliqua. Ut enim ad minim veniam, quis nostrud exercitation ullamco laboris nisi ut aliquip ex ea commodo consequat. Duis aute irure dolor in reprehenderit in voluptate velit esse cillum dolore eu fugiat nulla pariatur.",
        "images" : [
          {
            "name" : "product-12",
            "path" : "/assets/images/product-1.jpg"
          }
        ],
        "availableStock" : 5,
        "price": 21150
      },
      {
        "id": "16",
        "name" : "Pendrive",
        "description" : "Lorem ipsum dolor sit amet, consectetur adipiscing elit, sed do eiusmod tempor incididunt ut labore et dolore magna aliqua. Ut enim ad minim veniam, quis nostrud exercitation ullamco laboris nisi ut aliquip ex ea commodo consequat. Duis aute irure dolor in reprehenderit in voluptate velit esse cillum dolore eu fugiat nulla pariatur.",
        "images" : [
          {
            "name" : "product-12",
            "path" : "/assets/images/product-7.jpg"
          }
        ],
        "availableStock" : 23,
        "price": 1343
      },
      {
        "id": "17",
        "name" : "MotorBike",
        "description" : "Lorem ipsum dolor sit amet, consectetur adipiscing elit, sed do eiusmod tempor incididunt ut labore et dolore magna aliqua. Ut enim ad minim veniam, quis nostrud exercitation ullamco laboris nisi ut aliquip ex ea commodo consequat. Duis aute irure dolor in reprehenderit in voluptate velit esse cillum dolore eu fugiat nulla pariatur.",
        "images" : [
          {
            "name" : "product-3",
            "path" : "/assets/images/product-3.jpg"
          }
        ],
        "availableStock" : 3,
        "price": 3441
      },
      {
        "id": "18",
        "name" : "Watch",
        "description" : "Lorem ipsum dolor sit amet, consectetur adipiscing elit, sed do eiusmod tempor incididunt ut labore et dolore magna aliqua. Ut enim ad minim veniam, quis nostrud exercitation ullamco laboris nisi ut aliquip ex ea commodo consequat. Duis aute irure dolor in reprehenderit in voluptate velit esse cillum dolore eu fugiat nulla pariatur.",
        "images" : [
          {
            "name" : "product-12",
            "path" : "/assets/images/product-12.jpg"
          }
        ],
        "availableStock" : 6,
        "price": 234
      },
      {
        "id": "19",
        "name" : "Bag",
        "description" : "Lorem ipsum dolor sit amet, consectetur adipiscing elit, sed do eiusmod tempor incididunt ut labore et dolore magna aliqua. Ut enim ad minim veniam, quis nostrud exercitation ullamco laboris nisi ut aliquip ex ea commodo consequat. Duis aute irure dolor in reprehenderit in voluptate velit esse cillum dolore eu fugiat nulla pariatur.",
        "images" : [
          {
            "name" : "product-5",
            "path" : "/assets/images/product-12.jpg"
          }
        ],
        "availableStock" : 11,
        "price": 199
      },
      {
        "id": "20",
        "name" : "Mobile",
        "description" : "Lorem ipsum dolor sit amet, consectetur adipiscing elit, sed do eiusmod tempor incididunt ut labore et dolore magna aliqua. Ut enim ad minim veniam, quis nostrud exercitation ullamco laboris nisi ut aliquip ex ea commodo consequat. Duis aute irure dolor in reprehenderit in voluptate velit esse cillum dolore eu fugiat nulla pariatur.",
        "images" : [
          {
            "name" : "product-2",
            "path" : "/assets/images/product-2.jpg"
          }
        ],
        "availableStock" : 12,
        "price": 19999
      }
  ]